Date,Team,Location,1,2,3,4,OT,Total
"Saturday, January 17, 2026",Pelicans,Away,33,33,27,26,,119
"Saturday, January 17, 2026",Pacers,Home,31,42,29,25,,127
"Saturday, January 17, 2026",Cavaliers,Away,31,24,29,33,,117
"Saturday, January 17, 2026",76ers,Home,31,31,29,24,,115
"Saturday, January 17, 2026",Bulls,Away,23,17,32,37,,109
"Saturday, January 17, 2026",Nets,Home,27,30,32,23,,112
"Saturday, January 17, 2026",Clippers,Away,24,28,26,31,12,121
"Saturday, January 17, 2026",Raptors,Home,32,29,28,20,8,117
"Saturday, January 17, 2026",Timberwolves,Away,34,21,27,23,,105
"Saturday, January 17, 2026",Rockets,Home,29,24,28,29,,110
"Saturday, January 17, 2026",Wizards,Away,22,39,23,31,,115
"Saturday, January 17, 2026",Kings,Home,41,26,34,27,,128
"Friday, January 16, 2026",Grizzlies,Away,39,28,12,32,,111
"Friday, January 16, 2026",Magic,Home,23,35,26,34,,118
"Friday, January 16, 2026",Suns,Away,32,31,27,15,,105
"Friday, January 16, 2026",Pistons,Home,23,33,33,19,,108
"Friday, January 16, 2026",Celtics,Away,25,29,29,36,,119
"Friday, January 16, 2026",Heat,Home,36,28,29,21,,114
"Friday, January 16, 2026",Thunder,Away,21,34,22,34,,111
"Friday, January 16, 2026",Rockets,Home,19,29,27,16,,91
"Friday, January 16, 2026",Bucks,Away,27,26,16,32,,101
"Friday, January 16, 2026",Spurs,Home,31,35,40,13,,119
"Friday, January 16, 2026",Jazz,Away,24,26,29,43,,122
"Friday, January 16, 2026",Mavericks,Home,35,35,42,32,,144
"Friday, January 16, 2026",Knicks,Away,35,24,28,26,,113
"Friday, January 16, 2026",Warriors,Home,30,32,37,27,,126
"Friday, January 16, 2026",Hawks,Away,25,31,31,14,,101
"Friday, January 16, 2026",Trail Blazers,Home,33,21,34,29,,117
"Friday, January 16, 2026",Hornets,Away,30,34,40,31,,135
"Friday, January 16, 2026",Lakers,Home,39,16,38,24,,117
"Thursday, January 15, 2026",Raptors,Away,39,28,27,21,,115
"Thursday, January 15, 2026",Pacers,Home,18,30,30,23,,101
"Thursday, January 15, 2026",Cavaliers,Away,33,27,33,40,,133
"Thursday, January 15, 2026",76ers,Home,18,29,28,32,,107
"Thursday, January 15, 2026",Jazz,Away,39,23,32,32,,126
"Thursday, January 15, 2026",Bulls,Home,36,35,23,34,,128
"Thursday, January 15, 2026",Nets,Away,31,24,32,26,,113
"Thursday, January 15, 2026",Pelicans,Home,27,27,33,29,,116
"Thursday, January 15, 2026",Nuggets,Away,29,34,25,30,,118
"Thursday, January 15, 2026",Mavericks,Home,23,23,32,31,,109
"Thursday, January 15, 2026",Knicks,Away,17,25,34,25,,101
"Thursday, January 15, 2026",Kings,Home,32,24,40,16,,112
"Thursday, January 15, 2026",Wizards,Away,22,29,38,16,,105
"Thursday, January 15, 2026",Clippers,Home,37,33,26,23,,119
"Wednesday, January 14, 2026",Suns,Away,28,26,38,29,,121
"Wednesday, January 14, 2026",Heat,Home,36,35,21,35,,127
"Wednesday, January 14, 2026",Bulls,Away,24,36,28,25,,113
"Wednesday, January 14, 2026",Rockets,Home,29,28,33,29,,119
"Wednesday, January 14, 2026",Timberwolves,Away,38,38,30,33,,139
"Wednesday, January 14, 2026",Bucks,Home,20,25,33,28,,106
"Wednesday, January 14, 2026",Nuggets,Away,32,28,29,33,,122
"Wednesday, January 14, 2026",Pelicans,Home,31,34,27,24,,116
"Wednesday, January 14, 2026",Spurs,Away,26,26,24,22,,98
"Wednesday, January 14, 2026",Thunder,Home,32,23,40,24,,119
"Wednesday, January 14, 2026",Hawks,Away,30,30,26,30,,116
"Wednesday, January 14, 2026",Lakers,Home,37,44,21,39,,141
"Wednesday, January 14, 2026",Trail Blazers,Away,24,17,30,26,,97
"Wednesday, January 14, 2026",Warriors,Home,38,29,28,24,,119
"Tuesday, January 13, 2026",Jazz,Away,34,20,36,33,,123
"Tuesday, January 13, 2026",Cavaliers,Home,22,40,24,26,,112
"Tuesday, January 13, 2026",Celtics,Away,24,32,21,19,,96
"Tuesday, January 13, 2026",Pacers,Home,19,34,26,19,,98
"Tuesday, January 13, 2026",76ers,Away,45,35,19,16,,115
"Tuesday, January 13, 2026",Raptors,Home,28,23,26,25,,102
"Tuesday, January 13, 2026",Nets,Away,23,22,32,28,,105
"Tuesday, January 13, 2026",Mavericks,Home,32,24,28,29,,113
"Tuesday, January 13, 2026",Lakers,Away,28,26,29,29,,112
"Tuesday, January 13, 2026",Kings,Home,32,29,34,29,,124
"Tuesday, January 13, 2026",Hornets,Away,26,17,41,25,,109
"Tuesday, January 13, 2026",Clippers,Home,24,21,41,31,,117
"Monday, January 12, 2026",Pelicans,Away,26,33,39,20,,118
"Monday, January 12, 2026",Magic,Home,26,32,33,37,,128
"Monday, January 12, 2026",Nets,Away,23,27,24,24,,98
"Monday, January 12, 2026",Grizzlies,Home,34,27,16,26,,103
"Monday, January 12, 2026",76ers,Away,25,23,36,23,8,115
"Monday, January 12, 2026",Raptors,Home,22,36,18,31,9,116
"Monday, January 12, 2026",Knicks,Away,34,31,25,33,,123
"Monday, January 12, 2026",Trail Blazers,Home,34,26,25,29,,114
"Monday, January 12, 2026",Spurs,Away,31,24,30,18,,103
"Monday, January 12, 2026",Timberwolves,Home,24,18,29,33,,104
"Monday, January 12, 2026",Heat,Away,34,25,26,27,,112
"Monday, January 12, 2026",Thunder,Home,32,22,39,31,,124
"Monday, January 12, 2026",Bucks,Away,23,29,22,30,,104
"Monday, January 12, 2026",Nuggets,Home,27,35,23,23,,108
"Monday, January 12, 2026",Wizards,Away,28,22,17,26,,93
"Monday, January 12, 2026",Suns,Home,32,33,31,16,,112
"Monday, January 12, 2026",Hawks,Away,27,32,35,30,,124
"Monday, January 12, 2026",Warriors,Home,28,25,25,33,,111
"Monday, January 12, 2026",Rockets,Away,23,25,28,22,,98
"Monday, January 12, 2026",Kings,Home,22,29,27,33,,111
"Sunday, January 11, 2026",Timberwolves,Away,33,32,26,43,,134
"Sunday, January 11, 2026",Cavaliers,Home,29,34,36,47,,146
"Sunday, January 11, 2026",Heat,Away,18,27,27,27,,99
"Sunday, January 11, 2026",Pacers,Home,36,25,38,24,,123
"Sunday, January 11, 2026",Clippers,Away,14,27,27,30,,98
"Sunday, January 11, 2026",Pistons,Home,28,27,21,16,,92
"Sunday, January 11, 2026",Spurs,Away,21,29,23,27,,100
"Sunday, January 11, 2026",Celtics,Home,26,29,20,20,,95
"Sunday, January 11, 2026",Mavericks,Away,28,27,24,28,,107
"Sunday, January 11, 2026",Bulls,Home,36,30,28,31,,125
"Sunday, January 11, 2026",Hornets,Away,45,32,38,35,,150
"Sunday, January 11, 2026",Jazz,Home,14,24,26,31,,95
"Saturday, January 10, 2026",Raptors,Away,30,30,26,31,,117
"Saturday, January 10, 2026",Celtics,Home,37,31,29,28,,125
"Saturday, January 10, 2026",76ers,Away,24,29,30,20,,103
"Saturday, January 10, 2026",Magic,Home,28,26,25,12,,91
"Saturday, January 10, 2026",Pelicans,Away,28,32,40,28,,128
"Saturday, January 10, 2026",Wizards,Home,26,24,34,23,,107
"Saturday, January 10, 2026",Clippers,Away,35,28,28,30,,121
"Saturday, January 10, 2026",Nets,Home,25,22,29,29,,105
"Saturday, January 10, 2026",Thunder,Away,25,21,35,36,,117
"Saturday, January 10, 2026",Grizzlies,Home,35,30,29,22,,116
"Saturday, January 10, 2026",Hawks,Away,30,28,16,36,,110
"Saturday, January 10, 2026",Nuggets,Home,28,22,25,12,,87
"Saturday, January 10, 2026",Knicks,Away,23,37,26,21,,107
"Saturday, January 10, 2026",Suns,Home,28,34,32,18,,112
"Saturday, January 10, 2026",Kings,Away,29,30,25,19,,103
"Saturday, January 10, 2026",Warriors,Home,34,29,34,40,,137
"Saturday, January 10, 2026",Rockets,Away,29,27,34,15,,105
"Saturday, January 10, 2026",Trail Blazers,Home,28,27,22,34,,111
"Saturday, January 10, 2026",Bucks,Away,24,37,25,19,,105
"Saturday, January 10, 2026",Lakers,Home,25,27,25,24,,101
"Friday, January 9, 2026",Pacers,Away,33,27,30,24,,114
"Friday, January 9, 2026",Hornets,Home,30,28,29,25,,112
"Friday, January 9, 2026",Cavaliers,Away,31,36,22,33,,122
"Friday, January 9, 2026",Timberwolves,Home,32,31,43,25,,131
"Friday, January 9, 2026",Mavericks,Away,29,26,34,25,,114
"Friday, January 9, 2026",Jazz,Home,34,24,30,28,,116
"Friday, January 9, 2026",Heat,Away,,,,,,N/A
"Friday, January 9, 2026",Bulls,Home,,,,,,N/A
"Thursday, January 8, 2026",Raptors,Away,25,20,21,31,,97
"Thursday, January 8, 2026",Hornets,Home,22,28,22,24,,96
"Thursday, January 8, 2026",Bulls,Away,24,26,27,16,,93
"Thursday, January 8, 2026",Pistons,Home,30,22,24,32,,108
"Thursday, January 8, 2026",Wizards,Away,30,26,24,30,,110
"Thursday, January 8, 2026",76ers,Home,37,25,30,39,,131
"Thursday, January 8, 2026",Nuggets,Away,31,27,21,35,,114
"Thursday, January 8, 2026",Celtics,Home,35,23,24,28,,110
"Thursday, January 8, 2026",Pelicans,Away,26,27,13,34,,100
"Thursday, January 8, 2026",Hawks,Home,37,28,24,28,,117
"Thursday, January 8, 2026",Magic,Away,21,27,31,14,11,104
"Thursday, January 8, 2026",Nets,Home,23,20,21,29,10,103
"Thursday, January 8, 2026",Clippers,Away,31,25,31,24,,111
"Thursday, January 8, 2026",Knicks,Home,27,24,39,33,,123
"Thursday, January 8, 2026",Suns,Away,30,35,26,26,,117
"Thursday, January 8, 2026",Grizzlies,Home,23,24,21,30,,98
"Thursday, January 8, 2026",Jazz,Away,22,31,33,28,11,125
"Thursday, January 8, 2026",Thunder,Home,31,27,33,23,15,129
"Thursday, January 8, 2026",Lakers,Away,23,20,25,23,,91
"Thursday, January 8, 2026",Spurs,Home,26,22,31,28,,107
"Thursday, January 8, 2026",Bucks,Away,31,22,29,31,,113
"Thursday, January 8, 2026",Warriors,Home,31,33,34,22,,120
"Thursday, January 8, 2026",Rockets,Away,22,25,28,27,,102
"Thursday, January 8, 2026",Trail Blazers,Home,25,32,24,22,,103
"Wednesday, January 7, 2026",Cavaliers,Away,22,31,31,36,,120
"Wednesday, January 7, 2026",Pacers,Home,28,32,33,23,,116
"Wednesday, January 7, 2026",Magic,Away,29,21,37,25,,112
"Wednesday, January 7, 2026",Wizards,Home,30,32,39,19,,120
"Wednesday, January 7, 2026",Spurs,Away,31,23,27,24,,105
"Wednesday, January 7, 2026",Grizzlies,Home,21,25,36,24,,106
"Wednesday, January 7, 2026",Heat,Away,29,25,23,17,,94
"Wednesday, January 7, 2026",Timberwolves,Home,27,34,32,29,,122
"Wednesday, January 7, 2026",Lakers,Away,29,22,28,32,,111
"Wednesday, January 7, 2026",Pelicans,Home,25,29,32,17,,103
"Wednesday, January 7, 2026",Mavericks,Away,25,21,30,24,,100
"Wednesday, January 7, 2026",Kings,Home,35,23,20,20,,98
"Tuesday, January 6, 2026",Knicks,Away,29,25,15,21,,90
"Tuesday, January 6, 2026",Pistons,Home,30,34,25,32,,121
"Tuesday, January 6, 2026",Bulls,Away,14,19,34,34,,101
"Tuesday, January 6, 2026",Celtics,Home,31,23,31,30,,115
"Tuesday, January 6, 2026",Hawks,Away,26,23,24,27,,100
"Tuesday, January 6, 2026",Raptors,Home,31,30,25,32,,118
"Tuesday, January 6, 2026",Suns,Away,29,31,18,19,,97
"Tuesday, January 6, 2026",Rockets,Home,25,29,24,22,,100
"Tuesday, January 6, 2026",Hornets,Away,33,34,32,25,,124
"Tuesday, January 6, 2026",Thunder,Home,33,17,21,26,,97
"Tuesday, January 6, 2026",Nuggets,Away,29,29,29,33,5,125
"Tuesday, January 6, 2026",76ers,Home,26,32,35,27,4,124
"Tuesday, January 6, 2026",Warriors,Away,19,32,13,38,,102
"Tuesday, January 6, 2026",Clippers,Home,31,24,21,27,,103
"Tuesday, January 6, 2026",Jazz,Away,26,31,26,34,,117
"Tuesday, January 6, 2026",Trail Blazers,Home,36,42,36,23,,137
"Monday, January 5, 2026",Pistons,Away,19,47,21,27,,114
"Monday, January 5, 2026",Cavaliers,Home,28,28,26,28,,110
"Monday, January 5, 2026",Pacers,Away,36,22,42,27,,127
"Monday, January 5, 2026",Magic,Home,28,41,38,28,,135
"Monday, January 5, 2026",Nuggets,Away,29,23,32,31,,115
"Monday, January 5, 2026",Nets,Home,33,26,41,27,,127
"Monday, January 5, 2026",Pelicans,Away,39,23,15,29,,106
"Monday, January 5, 2026",Heat,Home,43,27,23,32,,125
"Monday, January 5, 2026",Timberwolves,Away,38,35,35,33,,141
"Monday, January 5, 2026",Wizards,Home,28,30,21,36,,115
"Monday, January 5, 2026",Thunder,Away,26,23,24,32,,105
"Monday, January 5, 2026",Suns,Home,20,22,32,34,,108
"Monday, January 5, 2026",Bucks,Away,28,34,23,30,,115
"Monday, January 5, 2026",Kings,Home,26,18,25,29,,98
"Monday, January 5, 2026",Grizzlies,Away,34,31,22,27,,114
"Monday, January 5, 2026",Lakers,Home,26,28,29,37,,120
"Sunday, January 4, 2026",Timberwolves,Away,27,29,34,35,,125
"Sunday, January 4, 2026",Heat,Home,25,25,36,29,,115
"Sunday, January 4, 2026",76ers,Away,31,35,33,31,,130
"Sunday, January 4, 2026",Knicks,Home,30,28,29,32,,119
"Sunday, January 4, 2026",Hawks,Away,29,41,36,11,,117
"Sunday, January 4, 2026",Raptors,Home,35,42,30,27,,134
"Sunday, January 4, 2026",Hornets,Away,27,23,32,30,,112
"Sunday, January 4, 2026",Bulls,Home,39,19,17,24,,99
"Sunday, January 4, 2026",Trail Blazers,Away,35,20,32,28,,115
"Sunday, January 4, 2026",Spurs,Home,24,27,29,30,,110
"Sunday, January 4, 2026",Rockets,Away,31,19,25,29,,104
"Sunday, January 4, 2026",Mavericks,Home,25,32,30,23,,110
"Sunday, January 4, 2026",Jazz,Away,29,36,31,18,,114
"Sunday, January 4, 2026",Warriors,Home,25,33,42,23,,123
"Sunday, January 4, 2026",Celtics,Away,42,29,42,33,,146
"Sunday, January 4, 2026",Clippers,Home,28,35,36,16,,115
"Saturday, January 3, 2026",Spurs,Away,30,41,22,30,,123
"Saturday, January 3, 2026",Pacers,Home,31,27,27,28,,113
"Saturday, January 3, 2026",Nets,Away,24,26,23,26,,99
"Saturday, January 3, 2026",Wizards,Home,37,27,32,23,,119
"Saturday, January 3, 2026",Nuggets,Away,24,35,38,11,,108
"Saturday, January 3, 2026",Cavaliers,Home,28,34,26,25,,113
"Saturday, January 3, 2026",Hawks,Away,33,27,34,17,,111
"Saturday, January 3, 2026",Knicks,Home,30,17,23,29,,99
"Saturday, January 3, 2026",Magic,Away,32,27,36,19,,114
"Saturday, January 3, 2026",Bulls,Home,22,37,32,30,,121
"Saturday, January 3, 2026",Hornets,Away,38,22,31,30,,121
"Saturday, January 3, 2026",Bucks,Home,24,27,36,35,,122
"Saturday, January 3, 2026",Trail Blazers,Away,29,34,22,37,,122
"Saturday, January 3, 2026",Pelicans,Home,37,18,20,34,,109
"Saturday, January 3, 2026",Kings,Away,29,27,27,19,,102
"Saturday, January 3, 2026",Suns,Home,32,30,35,32,,129
"Saturday, January 3, 2026",Thunder,Away,34,30,31,36,,131
"Saturday, January 3, 2026",Warriors,Home,23,22,21,28,,94
"Saturday, January 3, 2026",Grizzlies,Away,31,29,36,25,,121
"Saturday, January 3, 2026",Lakers,Home,39,27,30,32,,128
"Friday, January 2, 2026",Rockets,Away,26,27,37,30,,120
"Friday, January 2, 2026",Nets,Home,20,22,25,29,,96
"Friday, January 2, 2026",Heat,Away,33,30,31,24,,118
"Friday, January 2, 2026",Pistons,Home,26,28,27,31,,112
"Friday, January 2, 2026",76ers,Away,27,41,24,31,,123
"Friday, January 2, 2026",Mavericks,Home,33,24,26,25,,108
"Friday, January 2, 2026",Celtics,Away,28,34,26,32,,120
"Friday, January 2, 2026",Kings,Home,29,32,27,18,,106
"Friday, January 2, 2026",Jazz,Away,17,33,31,20,,101
"Friday, January 2, 2026",Clippers,Home,31,22,29,36,,118
"Thursday, January 1, 2026",Warriors,Away,30,39,29,34,,132
"Thursday, January 1, 2026",Hornets,Home,30,34,36,25,,125
"Thursday, January 1, 2026",Timberwolves,Away,26,23,24,29,,102
"Thursday, January 1, 2026",Hawks,Home,33,37,28,28,,126
"Thursday, January 1, 2026",Magic,Away,31,37,26,18,,112
"Thursday, January 1, 2026",Pacers,Home,28,38,29,15,,110
"Thursday, January 1, 2026",Suns,Away,21,33,35,24,,113
"Thursday, January 1, 2026",Cavaliers,Home,37,30,29,33,,129
"Thursday, January 1, 2026",Pelicans,Away,32,30,28,28,,118
"Thursday, January 1, 2026",Bulls,Home,36,31,30,37,,134
"Thursday, January 1, 2026",Knicks,Away,45,28,29,30,,132
"Thursday, January 1, 2026",Spurs,Home,36,27,30,41,,134
"Thursday, January 1, 2026",Nuggets,Away,32,31,22,21,,106
"Thursday, January 1, 2026",Raptors,Home,23,31,25,24,,103
"Thursday, January 1, 2026",Wizards,Away,30,35,21,28,,114
"Thursday, January 1, 2026",Bucks,Home,32,30,26,25,,113
"Thursday, January 1, 2026",Trail Blazers,Away,30,25,21,19,,95
"Thursday, January 1, 2026",Thunder,Home,38,35,26,25,,124
"Wednesday, December 31, 2025",76ers,Away,34,38,31,25,11,139
"Wednesday, December 31, 2025",Grizzlies,Home,40,32,28,28,8,136
"Wednesday, December 31, 2025",Celtics,Away,31,28,40,30,,129
"Wednesday, December 31, 2025",Jazz,Home,38,26,32,23,,119
"Wednesday, December 31, 2025",Pistons,Away,36,34,26,32,,128
"Wednesday, December 31, 2025",Lakers,Home,30,35,23,18,,106
"Wednesday, December 31, 2025",Kings,Away,20,20,31,19,,90
"Wednesday, December 31, 2025",Clippers,Home,34,39,27,31,,131
"Tuesday, December 30, 2025",Bucks,Away,25,38,32,28,,123
"Tuesday, December 30, 2025",Hornets,Home,26,40,23,24,,113
"Tuesday, December 30, 2025",Suns,Away,22,39,26,28,,115
"Tuesday, December 30, 2025",Wizards,Home,23,31,25,22,,101
"Tuesday, December 30, 2025",Warriors,Away,28,31,30,31,,120
"Tuesday, December 30, 2025",Nets,Home,30,27,28,22,,107
"Tuesday, December 30, 2025",Nuggets,Away,29,34,36,24,,123
"Tuesday, December 30, 2025",Heat,Home,41,22,47,37,,147
"Tuesday, December 30, 2025",Magic,Away,29,36,29,12,,106
"Tuesday, December 30, 2025",Raptors,Home,18,36,30,23,,107
"Tuesday, December 30, 2025",Timberwolves,Away,21,34,40,41,,136
"Tuesday, December 30, 2025",Bulls,Home,23,27,28,23,,101
"Tuesday, December 30, 2025",Pacers,Away,25,23,30,41,,119
"Tuesday, December 30, 2025",Rockets,Home,30,36,39,21,,126
"Tuesday, December 30, 2025",Knicks,Away,37,35,24,34,,130
"Tuesday, December 30, 2025",Pelicans,Home,41,34,28,22,,125
"Tuesday, December 30, 2025",Hawks,Away,38,36,29,26,,129
"Tuesday, December 30, 2025",Thunder,Home,35,35,43,27,,140
"Tuesday, December 30, 2025",Cavaliers,Away,25,24,27,37,,113
"Tuesday, December 30, 2025",Spurs,Home,26,29,23,23,,101
"Tuesday, December 30, 2025",Mavericks,Away,29,34,30,29,,122
"Tuesday, December 30, 2025",Trail Blazers,Home,42,33,22,28,,125
"Monday, December 29, 2025",Warriors,Away,29,35,36,22,5,127
"Monday, December 29, 2025",Raptors,Home,33,32,31,26,19,141
"Monday, December 29, 2025",76ers,Away,29,33,24,18,,104
"Monday, December 29, 2025",Thunder,Home,32,32,38,27,,129
"Monday, December 29, 2025",Grizzlies,Away,27,32,29,24,,112
"Monday, December 29, 2025",Wizards,Home,25,35,24,32,,116
"Monday, December 29, 2025",Celtics,Away,30,33,22,23,,108
"Monday, December 29, 2025",Trail Blazers,Home,31,24,31,28,,114
"Monday, December 29, 2025",Pistons,Away,20,22,27,30,,99
"Monday, December 29, 2025",Clippers,Home,33,27,32,20,,112
"Monday, December 29, 2025",Kings,Away,24,29,27,21,,101
"Monday, December 29, 2025",Lakers,Home,30,38,31,26,,125
"Sunday, December 28, 2025",Mavericks,Away,23,21,33,30,,107
"Sunday, December 28, 2025",Kings,Home,31,28,29,25,,113
"Sunday, December 28, 2025",Nuggets,Away,31,31,31,33,,126
"Sunday, December 28, 2025",Magic,Home,23,25,36,43,,127
"Sunday, December 28, 2025",Suns,Away,32,33,28,30,,123
"Sunday, December 28, 2025",Pelicans,Home,33,22,30,29,,114
"Sunday, December 28, 2025",Knicks,Away,33,35,30,30,,128
"Sunday, December 28, 2025",Hawks,Home,27,28,34,36,,125
"Sunday, December 28, 2025",Pacers,Away,28,32,34,22,,116
"Sunday, December 28, 2025",Heat,Home,29,30,39,44,,142
"Sunday, December 28, 2025",Bucks,Away,28,26,31,27,,112
"Sunday, December 28, 2025",Bulls,Home,26,24,30,23,,103
"Sunday, December 28, 2025",Cavaliers,Away,24,22,17,37,,100
"Sunday, December 28, 2025",Rockets,Home,32,28,30,27,,117
"Sunday, December 28, 2025",Nets,Away,33,29,36,25,,123
"Sunday, December 28, 2025",Timberwolves,Home,30,33,23,21,,107
"Sunday, December 28, 2025",Jazz,Away,32,38,28,29,,127
"Sunday, December 28, 2025",Spurs,Home,40,20,27,27,,114
"Saturday, December 27, 2025",Heat,Away,32,31,27,36,,126
"Saturday, December 27, 2025",Hawks,Home,32,19,33,27,,111
"Saturday, December 27, 2025",Hornets,Away,38,19,39,24,,120
"Saturday, December 27, 2025",Magic,Home,28,20,29,28,,105
"Saturday, December 27, 2025",Raptors,Away,32,30,38,17,,117
"Saturday, December 27, 2025",Wizards,Home,35,38,29,36,,138
"Saturday, December 27, 2025",Celtics,Away,28,47,36,29,,140
"Saturday, December 27, 2025",Pacers,Home,39,22,30,31,,122
"Saturday, December 27, 2025",76ers,Away,28,24,33,17,,102
"Saturday, December 27, 2025",Bulls,Home,30,19,32,28,,109
"Saturday, December 27, 2025",Bucks,Away,35,15,33,21,,104
"Saturday, December 27, 2025",Grizzlies,Home,25,35,32,33,,125
"Saturday, December 27, 2025",Suns,Away,26,27,28,34,,115
"Saturday, December 27, 2025",Pelicans,Home,23,25,32,28,,108
"Saturday, December 27, 2025",Pistons,Away,36,32,35,26,,129
"Saturday, December 27, 2025",Jazz,Home,33,34,44,20,,131
"Saturday, December 27, 2025",Clippers,Away,25,31,29,34,,119
"Saturday, December 27, 2025",Trail Blazers,Home,35,27,16,25,,103
"Friday, December 26, 2025",Cavaliers,Away,38,20,38,28,,124
"Friday, December 26, 2025",Knicks,Home,23,37,24,42,,126
"Friday, December 26, 2025",Spurs,Away,41,28,26,22,,117
"Friday, December 26, 2025",Thunder,Home,36,24,19,23,,102
"Friday, December 26, 2025",Mavericks,Away,28,30,31,27,,116
"Friday, December 26, 2025",Warriors,Home,40,31,29,26,,126
"Friday, December 26, 2025",Rockets,Away,37,26,29,27,,119
"Friday, December 26, 2025",Lakers,Home,25,28,21,22,,96
"Friday, December 26, 2025",Timberwolves,Away,29,26,23,37,23,138
"Friday, December 26, 2025",Nuggets,Home,32,25,35,23,27,142
"Wednesday, December 24, 2025",Wizards,Away,31,34,25,19,,109
"Wednesday, December 24, 2025",Hornets,Home,24,38,30,34,,126
"Wednesday, December 24, 2025",Nets,Away,27,36,26,25,,114
"Wednesday, December 24, 2025",76ers,Home,27,30,20,29,,106
"Wednesday, December 24, 2025",Bulls,Away,30,25,37,34,,126
"Wednesday, December 24, 2025",Hawks,Home,36,32,37,18,,123
"Wednesday, December 24, 2025",Pelicans,Away,22,38,31,27,,118
"Wednesday, December 24, 2025",Cavaliers,Home,32,37,41,31,,141
"Wednesday, December 24, 2025",Bucks,Away,26,33,27,25,,111
"Wednesday, December 24, 2025",Pacers,Home,20,24,24,26,,94
"Wednesday, December 24, 2025",Raptors,Away,21,30,31,30,,112
"Wednesday, December 24, 2025",Heat,Home,16,28,23,24,,91
"Wednesday, December 24, 2025",Nuggets,Away,27,29,47,27,,130
"Wednesday, December 24, 2025",Mavericks,Home,41,25,37,28,,131
"Wednesday, December 24, 2025",Knicks,Away,28,24,27,25,,104
"Wednesday, December 24, 2025",Timberwolves,Home,31,27,27,30,,115
"Wednesday, December 24, 2025",Thunder,Away,29,31,22,28,,110
"Wednesday, December 24, 2025",Spurs,Home,31,27,29,43,,130
"Wednesday, December 24, 2025",Lakers,Away,26,31,29,22,,108
"Wednesday, December 24, 2025",Suns,Home,29,38,45,20,,132
"Wednesday, December 24, 2025",Grizzlies,Away,37,32,40,28,,137
"Wednesday, December 24, 2025",Jazz,Home,31,36,34,27,,128
"Wednesday, December 24, 2025",Magic,Away,25,38,26,21,,110
"Wednesday, December 24, 2025",Trail Blazers,Home,21,29,30,26,,106
"Wednesday, December 24, 2025",Pistons,Away,37,38,40,21,,136
"Wednesday, December 24, 2025",Kings,Home,24,34,39,30,,127
"Wednesday, December 24, 2025",Rockets,Away,35,23,24,26,,108
"Wednesday, December 24, 2025",Clippers,Home,29,34,35,30,,128
"Tuesday, December 23, 2025",Hornets,Away,36,27,32,37,,132
"Tuesday, December 23, 2025",Cavaliers,Home,33,37,34,35,,139
"Tuesday, December 23, 2025",Pacers,Away,35,26,21,13,,95
"Tuesday, December 23, 2025",Celtics,Home,26,17,31,29,,103
"Tuesday, December 23, 2025",Mavericks,Away,34,29,24,26,,113
"Tuesday, December 23, 2025",Pelicans,Home,36,21,22,40,,119
"Tuesday, December 23, 2025",Jazz,Away,15,31,38,28,,112
"Tuesday, December 23, 2025",Nuggets,Home,40,29,34,32,,135
"Tuesday, December 23, 2025",Grizzlies,Away,28,26,19,30,,103
"Tuesday, December 23, 2025",Thunder,Home,31,36,17,35,,119
"Tuesday, December 23, 2025",Magic,Away,30,27,26,14,,97
"Tuesday, December 23, 2025",Warriors,Home,26,32,31,31,,120
"Tuesday, December 23, 2025",Pistons,Away,30,31,34,15,,110
"Tuesday, December 23, 2025",Trail Blazers,Home,26,25,27,24,,102
"Monday, December 22, 2025",Bulls,Away,38,45,33,36,,152
"Monday, December 22, 2025",Hawks,Home,38,35,42,35,,150
"Monday, December 22, 2025",Raptors,Away,18,21,26,16,,81
"Monday, December 22, 2025",Nets,Home,24,25,18,29,,96
"Monday, December 22, 2025",Heat,Away,37,25,37,26,,125
"Monday, December 22, 2025",Knicks,Home,30,36,39,27,,132
"Monday, December 22, 2025",Spurs,Away,26,43,29,26,,124
"Monday, December 22, 2025",Wizards,Home,28,21,37,27,,113
"Monday, December 22, 2025",Bucks,Away,29,31,15,25,,100
"Monday, December 22, 2025",Timberwolves,Home,23,25,27,28,,103
"Monday, December 22, 2025",Rockets,Away,31,37,23,21,12,124
"Monday, December 22, 2025",Kings,Home,30,27,25,30,13,125
"Sunday, December 21, 2025",Rockets,Away,26,27,29,33,,115
"Sunday, December 21, 2025",Nuggets,Home,29,16,21,35,,101
"Sunday, December 21, 2025",Mavericks,Away,33,29,35,17,,114
"Sunday, December 21, 2025",76ers,Home,38,30,23,30,,121
"Sunday, December 21, 2025",Celtics,Away,32,17,34,29,,112
"Sunday, December 21, 2025",Raptors,Home,20,31,29,16,,96
"Sunday, December 21, 2025",Pacers,Away,27,22,30,30,,109
"Sunday, December 21, 2025",Pelicans,Home,44,20,34,30,,128
"Sunday, December 21, 2025",Hornets,Away,27,18,27,14,,86
"Sunday, December 21, 2025",Pistons,Home,33,22,24,33,,112
"Sunday, December 21, 2025",Wizards,Away,25,28,42,35,,130
"Sunday, December 21, 2025",Grizzlies,Home,30,38,27,27,,122
"Sunday, December 21, 2025",Suns,Away,44,23,20,29,,116
"Sunday, December 21, 2025",Warriors,Home,32,32,29,26,,119
"Sunday, December 21, 2025",Magic,Away,36,29,32,21,10,128
"Sunday, December 21, 2025",Jazz,Home,38,22,22,36,9,127
"Sunday, December 21, 2025",Trail Blazers,Away,28,19,25,26,,98
"Sunday, December 21, 2025",Kings,Home,26,18,25,24,,93
"Sunday, December 21, 2025",Lakers,Away,15,24,22,27,,88
"Sunday, December 21, 2025",Clippers,Home,28,26,26,23,,103
"Saturday, December 20, 2025",Heat,Away,29,29,31,27,,116
"Saturday, December 20, 2025",Celtics,Home,30,28,34,37,,129
"Saturday, December 20, 2025",76ers,Away,29,28,31,28,,116
"Saturday, December 20, 2025",Knicks,Home,29,30,28,20,,107
"Saturday, December 20, 2025",Spurs,Away,32,36,34,24,,126
"Saturday, December 20, 2025",Hawks,Home,19,25,28,26,,98
"Saturday, December 20, 2025",Bulls,Away,32,34,35,35,,136
"Saturday, December 20, 2025",Cavaliers,Home,32,23,44,26,,125
"Saturday, December 20, 2025",Thunder,Away,33,18,34,22,,107
"Saturday, December 20, 2025",Timberwolves,Home,23,25,35,29,,112
"Friday, December 19, 2025",Hawks,Away,32,37,26,31,,126
"Friday, December 19, 2025",Hornets,Home,37,43,27,26,,133
"Friday, December 19, 2025",Knicks,Away,25,34,27,28,,114
"Friday, December 19, 2025",Pacers,Home,36,26,30,21,,113
"Friday, December 19, 2025",Heat,Away,30,24,23,29,,106
"Friday, December 19, 2025",Nets,Home,27,22,24,22,,95
"Friday, December 19, 2025",Clippers,Away,33,22,28,18,,101
"Friday, December 19, 2025",Thunder,Home,27,37,39,19,,122
"Friday, December 19, 2025",Wizards,Away,27,26,22,19,,94
"Friday, December 19, 2025",Spurs,Home,34,23,34,28,,119
"Friday, December 19, 2025",Raptors,Away,31,26,26,28,,111
"Friday, December 19, 2025",Bucks,Home,25,28,23,29,,105
"Friday, December 19, 2025",Rockets,Away,33,34,32,20,9,128
"Friday, December 19, 2025",Pelicans,Home,24,21,38,36,14,133
"Friday, December 19, 2025",Pistons,Away,30,27,22,31,4,114
"Friday, December 19, 2025",Mavericks,Home,35,31,25,19,6,116
"Friday, December 19, 2025",Magic,Away,32,22,31,30,,115
"Friday, December 19, 2025",Nuggets,Home,25,43,31,27,,126
"Friday, December 19, 2025",Warriors,Away,29,24,18,27,,98
"Friday, December 19, 2025",Suns,Home,26,20,24,29,,99
"Friday, December 19, 2025",Lakers,Away,32,41,29,41,,143
"Friday, December 19, 2025",Jazz,Home,41,37,28,29,,135
"Friday, December 19, 2025",Kings,Away,40,20,23,32,18,133
"Friday, December 19, 2025",Trail Blazers,Home,36,27,19,33,19,134
"Thursday, December 18, 2025",Cavaliers,Away,34,24,30,23,,111
"Thursday, December 18, 2025",Bulls,Home,33,29,33,32,,127
"Thursday, December 18, 2025",Grizzlies,Away,29,32,27,28,,116
"Thursday, December 18, 2025",Timberwolves,Home,27,35,21,27,,110
"Wednesday, December 17, 2025",Spurs,Away,30,31,33,19,,113
"Wednesday, December 17, 2025",Knicks,Home,28,31,30,35,,124
"Tuesday, December 16, 2025",Pistons,Away,25,28,32,27,,112
"Tuesday, December 16, 2025",Celtics,Home,33,24,24,24,,105
"Tuesday, December 16, 2025",Raptors,Away,23,23,28,32,,106
"Tuesday, December 16, 2025",Heat,Home,22,30,25,19,,96
"Tuesday, December 16, 2025",Mavericks,Away,43,32,24,30,4,133
"Tuesday, December 16, 2025",Jazz,Home,37,34,21,37,11,140
"Tuesday, December 16, 2025",Rockets,Away,30,21,35,31,8,125
"Tuesday, December 16, 2025",Nuggets,Home,24,34,31,28,11,128
"Tuesday, December 16, 2025",Grizzlies,Away,25,31,34,31,,121
"Tuesday, December 16, 2025",Clippers,Home,27,21,28,27,,103
"Monday, December 15, 2025",Wizards,Away,31,27,23,27,,108
"Monday, December 15, 2025",Pacers,Home,32,15,19,23,,89
"Monday, December 15, 2025",Hornets,Away,33,24,31,23,8,119
"Monday, December 15, 2025",Cavaliers,Home,29,18,32,32,0,111
"Monday, December 15, 2025",76ers,Away,29,26,36,26,,117
"Monday, December 15, 2025",Hawks,Home,39,20,35,26,,120
"Monday, December 15, 2025",Bucks,Away,25,23,23,11,,82
"Monday, December 15, 2025",Nets,Home,37,28,34,28,,127
"Monday, December 15, 2025",Kings,Away,27,25,32,19,,103
"Monday, December 15, 2025",Timberwolves,Home,20,31,37,29,,117
"Monday, December 15, 2025",Pelicans,Away,21,31,24,38,,114
"Monday, December 15, 2025",Bulls,Home,26,21,28,29,,104
"Monday, December 15, 2025",Lakers,Away,31,31,24,30,,116
"Monday, December 15, 2025",Suns,Home,36,26,15,37,,114
"Monday, December 15, 2025",Warriors,Away,31,31,37,32,,131
"Monday, December 15, 2025",Trail Blazers,Home,34,27,35,40,,136
"Sunday, December 14, 2025",Knicks,Away,33,38,29,32,,132
"Sunday, December 14, 2025",Magic,Home,36,28,28,28,,120
"Sunday, December 14, 2025",Spurs,Away,20,26,32,33,,111
"Sunday, December 14, 2025",Thunder,Home,31,18,28,32,,109
"Saturday, December 13, 2025",Bulls,Away,33,22,34,40,,129
"Saturday, December 13, 2025",Hornets,Home,29,32,31,34,,126
"Saturday, December 13, 2025",Hawks,Away,33,27,19,36,,115
"Saturday, December 13, 2025",Pistons,Home,34,35,35,38,,142
"Saturday, December 13, 2025",Pacers,Away,31,27,32,15,,105
"Saturday, December 13, 2025",76ers,Home,34,29,27,25,,115
"Saturday, December 13, 2025",Cavaliers,Away,35,27,23,45,,130
"Saturday, December 13, 2025",Wizards,Home,24,36,40,26,,126
"Saturday, December 13, 2025",Jazz,Away,36,25,42,27,,130
"Saturday, December 13, 2025",Grizzlies,Home,31,33,33,29,,126
"Saturday, December 13, 2025",Nets,Away,33,28,31,19,,111
"Saturday, December 13, 2025",Mavericks,Home,32,33,25,29,,119
"Saturday, December 13, 2025",Timberwolves,Away,28,33,27,39,,127
"Saturday, December 13, 2025",Warriors,Home,27,36,28,29,,120
"Friday, December 12, 2025",Clippers,Away,29,25,28,31,,113
"Friday, December 12, 2025",Rockets,Home,29,22,29,35,,115
"Friday, December 12, 2025",Celtics,Away,35,32,13,21,,101
"Friday, December 12, 2025",Bucks,Home,29,31,27,29,,116
"Friday, December 12, 2025",Trail Blazers,Away,30,38,29,23,,120
"Friday, December 12, 2025",Pelicans,Home,39,31,35,38,,143
"Friday, December 12, 2025",Nuggets,Away,41,36,32,27,,136
"Friday, December 12, 2025",Kings,Home,26,28,27,24,,105
"Thursday, December 11, 2025",Suns,Away,23,25,24,17,,89
"Thursday, December 11, 2025",Thunder,Home,38,36,36,28,,138
"Thursday, December 11, 2025",Spurs,Away,39,31,34,28,,132
"Thursday, December 11, 2025",Lakers,Home,30,28,29,32,,119
"Wednesday, December 10, 2025",Heat,Away,30,27,26,25,,108
"Wednesday, December 10, 2025",Magic,Home,17,39,33,28,,117
"Wednesday, December 10, 2025",Knicks,Away,35,34,25,23,,117
"Wednesday, December 10, 2025",Raptors,Home,39,13,27,22,,101
"Tuesday, December 9, 2025",Kings,Away,23,28,37,17,,105
"Tuesday, December 9, 2025",Pacers,Home,35,31,26,24,,116
"Tuesday, December 9, 2025",Suns,Away,29,32,23,24,,108
"Tuesday, December 9, 2025",Timberwolves,Home,23,34,27,21,,105
"Tuesday, December 9, 2025",Spurs,Away,35,42,23,35,,135
"Tuesday, December 9, 2025",Pelicans,Home,25,32,45,30,,132
"Monday, December 8, 2025",Magic,Away,31,24,18,27,,100
"Monday, December 8, 2025",Knicks,Home,35,19,28,24,,106
"Monday, December 8, 2025",Celtics,Away,34,43,20,24,,121
"Monday, December 8, 2025",Raptors,Home,26,33,32,22,,113
"Monday, December 8, 2025",Nuggets,Away,34,23,30,28,,115
"Monday, December 8, 2025",Hornets,Home,34,24,23,25,,106
"Monday, December 8, 2025",Trail Blazers,Away,20,26,32,18,,96
"Monday, December 8, 2025",Grizzlies,Home,40,26,26,27,,119
"Monday, December 8, 2025",Warriors,Away,38,22,27,36,,123
"Monday, December 8, 2025",Bulls,Home,25,21,30,15,,91
"Monday, December 8, 2025",Lakers,Away,30,23,34,25,,112
"Monday, December 8, 2025",76ers,Home,30,30,24,24,,108
"Monday, December 8, 2025",Thunder,Away,45,29,32,25,,131
"Monday, December 8, 2025",Jazz,Home,20,28,23,30,,101
"Sunday, December 7, 2025",Pelicans,Away,24,20,31,26,,101
"Sunday, December 7, 2025",Nets,Home,35,27,34,23,,119
"Sunday, December 7, 2025",Hawks,Away,35,35,27,34,,131
"Sunday, December 7, 2025",Wizards,Home,28,27,38,23,,116
"Sunday, December 7, 2025",Warriors,Away,12,33,27,27,,99
"Sunday, December 7, 2025",Cavaliers,Home,18,18,26,32,,94
"Sunday, December 7, 2025",Bucks,Away,22,34,25,31,,112
"Sunday, December 7, 2025",Pistons,Home,29,32,30,33,,124
"Sunday, December 7, 2025",Kings,Away,34,38,29,26,,127
"Sunday, December 7, 2025",Heat,Home,31,24,23,33,,111
"Sunday, December 7, 2025",Clippers,Away,34,22,22,28,,106
"Sunday, December 7, 2025",Timberwolves,Home,22,20,30,37,,109
"Sunday, December 7, 2025",Rockets,Away,26,31,20,32,,109
"Sunday, December 7, 2025",Mavericks,Home,29,28,37,28,,122
"Saturday, December 6, 2025",Lakers,Away,17,29,36,23,,105
"Saturday, December 6, 2025",Celtics,Home,39,30,28,29,,126
"Saturday, December 6, 2025",Heat,Away,28,32,19,26,,105
"Saturday, December 6, 2025",Magic,Home,30,27,30,19,,106
"Saturday, December 6, 2025",Nuggets,Away,23,31,40,40,,134
"Saturday, December 6, 2025",Hawks,Home,41,32,30,30,,133
"Saturday, December 6, 2025",Spurs,Away,35,37,19,26,,117
"Saturday, December 6, 2025",Cavaliers,Home,30,34,44,22,,130
"Saturday, December 6, 2025",Trail Blazers,Away,28,30,27,31,,116
"Saturday, December 6, 2025",Pistons,Home,30,35,19,38,,122
"Saturday, December 6, 2025",Jazz,Away,13,34,30,35,,112
"Saturday, December 6, 2025",Knicks,Home,41,27,47,31,,146
"Saturday, December 6, 2025",Hornets,Away,18,35,25,33,,111
"Saturday, December 6, 2025",Raptors,Home,24,18,28,16,,86
"Saturday, December 6, 2025",Pacers,Away,30,32,30,28,,120
"Saturday, December 6, 2025",Bulls,Home,33,24,26,22,,105
"Saturday, December 6, 2025",Suns,Away,31,27,14,26,,98
"Saturday, December 6, 2025",Rockets,Home,24,44,29,20,,117
"Saturday, December 6, 2025",Clippers,Away,33,25,23,17,,98
"Saturday, December 6, 2025",Grizzlies,Home,30,24,30,23,,107
"Saturday, December 6, 2025",76ers,Away,33,36,24,23,,116
"Saturday, December 6, 2025",Bucks,Home,20,29,28,24,,101
"Saturday, December 6, 2025",Mavericks,Away,27,21,26,37,,111
"Saturday, December 6, 2025",Thunder,Home,27,36,41,28,,132
"Friday, December 5, 2025",Warriors,Away,10,24,32,32,,98
"Friday, December 5, 2025",76ers,Home,30,26,24,19,,99
"Friday, December 5, 2025",Celtics,Away,32,34,43,37,,146
"Friday, December 5, 2025",Wizards,Home,26,33,27,15,,101
"Friday, December 5, 2025",Jazz,Away,20,29,32,42,,123
"Friday, December 5, 2025",Nets,Home,29,29,32,20,,110
"Friday, December 5, 2025",Lakers,Away,31,36,33,23,,123
"Friday, December 5, 2025",Raptors,Home,26,32,40,22,,120
"Friday, December 5, 2025",Timberwolves,Away,35,27,26,37,,125
"Friday, December 5, 2025",Pelicans,Home,30,32,28,26,,116
"Thursday, December 4, 2025",Trail Blazers,Away,36,32,31,23,,122
"Thursday, December 4, 2025",Cavaliers,Home,33,25,27,25,,110
"Thursday, December 4, 2025",Nuggets,Away,33,39,30,33,,135
"Thursday, December 4, 2025",Pacers,Home,28,20,31,41,,120
"Thursday, December 4, 2025",Spurs,Away,31,27,28,28,,114
"Thursday, December 4, 2025",Magic,Home,29,20,30,33,,112
"Thursday, December 4, 2025",Clippers,Away,27,28,39,21,,115
"Thursday, December 4, 2025",Hawks,Home,21,20,32,19,,92
"Thursday, December 4, 2025",Hornets,Away,12,35,28,29,,104
"Thursday, December 4, 2025",Knicks,Home,27,26,37,29,,119
"Thursday, December 4, 2025",Nets,Away,29,25,29,30,,113
"Thursday, December 4, 2025",Bulls,Home,24,20,31,28,,103
"Thursday, December 4, 2025",Kings,Away,26,26,19,24,,95
"Thursday, December 4, 2025",Rockets,Home,28,23,36,34,,121
"Thursday, December 4, 2025",Pistons,Away,30,22,33,24,,109
"Thursday, December 4, 2025",Bucks,Home,21,28,29,35,,113
"Thursday, December 4, 2025",Heat,Away,33,21,26,28,,108
"Thursday, December 4, 2025",Mavericks,Home,28,36,29,25,,118
"Wednesday, December 3, 2025",Wizards,Away,31,23,23,25,,102
"Wednesday, December 3, 2025",76ers,Home,34,32,35,20,,121
"Wednesday, December 3, 2025",Trail Blazers,Away,39,20,23,36,,118
"Wednesday, December 3, 2025",Raptors,Home,37,28,32,24,,121
"Wednesday, December 3, 2025",Knicks,Away,32,20,24,41,,117
"Wednesday, December 3, 2025",Celtics,Home,21,37,36,29,,123
"Wednesday, December 3, 2025",Timberwolves,Away,31,27,42,29,20,149
"Wednesday, December 3, 2025",Pelicans,Home,25,43,35,26,13,142
"Wednesday, December 3, 2025",Grizzlies,Away,32,27,39,21,,119
"Wednesday, December 3, 2025",Spurs,Home,36,27,34,29,,126
"Wednesday, December 3, 2025",Thunder,Away,32,31,28,33,,124
"Wednesday, December 3, 2025",Warriors,Home,26,18,44,24,,112
"Tuesday, December 2, 2025",Hawks,Away,27,22,19,30,,98
"Tuesday, December 2, 2025",Pistons,Home,25,25,24,25,,99
"Tuesday, December 2, 2025",Cavaliers,Away,37,29,33,36,,135
"Tuesday, December 2, 2025",Pacers,Home,25,29,36,29,,119
"Tuesday, December 2, 2025",Bucks,Away,34,32,28,32,,126
"Tuesday, December 2, 2025",Wizards,Home,28,30,33,38,,129
"Tuesday, December 2, 2025",Hornets,Away,27,32,23,21,,103
"Tuesday, December 2, 2025",Nets,Home,26,33,29,28,,116
"Tuesday, December 2, 2025",Clippers,Away,24,32,26,41,,123
"Tuesday, December 2, 2025",Heat,Home,35,41,38,26,,140
"Tuesday, December 2, 2025",Bulls,Away,26,27,32,35,,120
"Tuesday, December 2, 2025",Magic,Home,29,24,32,40,,125
"Tuesday, December 2, 2025",Mavericks,Away,27,42,33,29,,131
"Tuesday, December 2, 2025",Nuggets,Home,41,27,36,17,,121
"Tuesday, December 2, 2025",Rockets,Away,32,25,32,36,,125
"Tuesday, December 2, 2025",Jazz,Home,31,37,30,35,,133
"Tuesday, December 2, 2025",Suns,Away,31,35,30,29,,125
"Tuesday, December 2, 2025",Lakers,Home,31,21,25,31,,108
"Monday, December 1, 2025",Rockets,Away,30,37,31,31,,129
"Monday, December 1, 2025",Jazz,Home,21,27,20,33,,101
"Monday, December 1, 2025",Celtics,Away,28,30,32,27,,117
"Monday, December 1, 2025",Cavaliers,Home,26,25,28,36,,115
"Monday, December 1, 2025",Raptors,Away,22,30,25,17,,94
"Monday, December 1, 2025",Knicks,Home,41,18,34,23,,116
"Monday, December 1, 2025",Hawks,Away,25,32,26,32,27,142
"Monday, December 1, 2025",76ers,Home,29,29,31,26,19,134
"Monday, December 1, 2025",Thunder,Away,24,30,31,38,,123
"Monday, December 1, 2025",Trail Blazers,Home,19,36,32,28,,115
"Monday, December 1, 2025",Spurs,Away,37,25,31,19,,112
"Monday, December 1, 2025",Timberwolves,Home,32,29,28,36,,125
"Monday, December 1, 2025",Grizzlies,Away,31,31,21,32,,115
"Monday, December 1, 2025",Kings,Home,35,24,28,20,,107
"Monday, December 1, 2025",Pelicans,Away,27,30,35,29,,121
"Monday, December 1, 2025",Lakers,Home,46,31,31,25,,133
"Sunday, November 30, 2025",Celtics,Away,36,33,23,23,,115
"Sunday, November 30, 2025",Timberwolves,Home,32,27,35,25,,119
"Sunday, November 30, 2025",Raptors,Away,34,24,29,17,7,111
"Sunday, November 30, 2025",Hornets,Home,21,31,28,24,14,118
"Sunday, November 30, 2025",Bulls,Away,27,27,26,21,,101
"Sunday, November 30, 2025",Pacers,Home,26,35,25,17,,103
"Sunday, November 30, 2025",Pistons,Away,36,35,37,30,,138
"Sunday, November 30, 2025",Heat,Home,23,36,32,44,,135
"Sunday, November 30, 2025",Nets,Away,29,24,17,29,,99
"Sunday, November 30, 2025",Bucks,Home,32,39,28,17,,116
"Sunday, November 30, 2025",Pelicans,Away,18,20,34,24,,96
"Sunday, November 30, 2025",Warriors,Home,17,25,31,31,,104
"Sunday, November 30, 2025",Nuggets,Away,30,33,33,34,,130
"Sunday, November 30, 2025",Suns,Home,25,35,25,27,,112
"Sunday, November 30, 2025",Mavericks,Away,25,24,34,31,,114
"Sunday, November 30, 2025",Clippers,Home,28,28,27,27,,110
"Saturday, November 29, 2025",Cavaliers,Away,23,39,28,33,,123
"Saturday, November 29, 2025",Hawks,Home,33,27,37,33,,130
"Saturday, November 29, 2025",76ers,Away,31,32,24,28,,115
"Saturday, November 29, 2025",Nets,Home,23,25,27,28,,103
"Saturday, November 29, 2025",Bulls,Away,29,33,32,22,,116
"Saturday, November 29, 2025",Hornets,Home,32,35,26,30,,123
"Saturday, November 29, 2025",Magic,Away,31,28,30,23,,112
"Saturday, November 29, 2025",Pistons,Home,33,25,26,25,,109
"Saturday, November 29, 2025",Wizards,Away,24,28,21,13,,86
"Saturday, November 29, 2025",Pacers,Home,30,34,30,25,,119
"Saturday, November 29, 2025",Bucks,Away,37,25,26,21,,109
"Saturday, November 29, 2025",Knicks,Home,33,28,31,26,,118
"Saturday, November 29, 2025",Suns,Away,25,27,30,37,,119
"Saturday, November 29, 2025",Thunder,Home,25,31,38,29,,123
"Saturday, November 29, 2025",Spurs,Away,41,18,44,36,,139
"Saturday, November 29, 2025",Nuggets,Home,33,41,30,32,,136
"Saturday, November 29, 2025",Kings,Away,27,24,22,46,,119
"Saturday, November 29, 2025",Jazz,Home,30,32,28,38,,128
"Saturday, November 29, 2025",Mavericks,Away,22,40,32,25,,119
"Saturday, November 29, 2025",Lakers,Home,28,32,38,31,,129
"Saturday, November 29, 2025",Grizzlies,Away,24,26,28,34,,112
"Saturday, November 29, 2025",Clippers,Home,35,28,18,26,,107
"Thursday, November 27, 2025",Pistons,Away,30,28,25,31,,114
"Thursday, November 27, 2025",Celtics,Home,24,33,29,31,,117
"Thursday, November 27, 2025",Knicks,Away,37,35,26,31,,129
"Thursday, November 27, 2025",Hornets,Home,31,16,28,26,,101
"Thursday, November 27, 2025",Bucks,Away,27,20,30,26,,103
"Thursday, November 27, 2025",Heat,Home,29,24,28,25,,106
"Thursday, November 27, 2025",Pacers,Away,25,24,21,25,,95
"Thursday, November 27, 2025",Raptors,Home,21,29,26,21,,97
"Thursday, November 27, 2025",Timberwolves,Away,17,22,32,34,,105
"Thursday, November 27, 2025",Thunder,Home,24,25,29,35,,113
"Thursday, November 27, 2025",Grizzlies,Away,25,28,39,30,11,133
"Thursday, November 27, 2025",Pelicans,Home,39,29,32,22,6,128
"Thursday, November 27, 2025",Rockets,Away,22,25,27,30,,104
"Thursday, November 27, 2025",Warriors,Home,25,34,17,24,,100
"Thursday, November 27, 2025",Spurs,Away,29,27,35,24,,115
"Thursday, November 27, 2025",Trail Blazers,Home,30,24,32,16,,102
"Thursday, November 27, 2025",Suns,Away,41,26,16,29,,112
"Thursday, November 27, 2025",Kings,Home,16,29,28,27,,100
"Wednesday, November 26, 2025",Hawks,Away,23,32,23,35,,113
"Wednesday, November 26, 2025",Wizards,Home,45,32,34,21,,132
"Wednesday, November 26, 2025",Magic,Away,35,51,35,23,,144
"Wednesday, November 26, 2025",76ers,Home,35,25,23,20,,103
"Wednesday, November 26, 2025",Clippers,Away,38,28,27,25,,118
"Wednesday, November 26, 2025",Lakers,Home,37,32,29,37,,135
"Tuesday, November 25, 2025",Pistons,Away,35,36,30,21,,122
"Tuesday, November 25, 2025",Pacers,Home,32,23,33,29,,117
"Tuesday, November 25, 2025",Cavaliers,Away,32,22,22,23,,99
"Tuesday, November 25, 2025",Raptors,Home,29,28,31,22,,110
"Tuesday, November 25, 2025",Knicks,Away,24,27,38,24,,113
"Tuesday, November 25, 2025",Nets,Home,26,22,27,25,,100
"Tuesday, November 25, 2025",Mavericks,Away,19,25,28,30,,102
"Tuesday, November 25, 2025",Heat,Home,20,32,28,26,,106
"Tuesday, November 25, 2025",Nuggets,Away,27,35,31,32,,125
"Tuesday, November 25, 2025",Grizzlies,Home,23,31,31,30,,115
"Tuesday, November 25, 2025",Trail Blazers,Away,32,33,30,20,,115
"Tuesday, November 25, 2025",Bucks,Home,27,26,21,29,,103
"Tuesday, November 25, 2025",Bulls,Away,30,28,35,37,,130
"Tuesday, November 25, 2025",Pelicans,Home,37,37,34,35,,143
"Tuesday, November 25, 2025",Rockets,Away,30,29,25,30,,114
"Tuesday, November 25, 2025",Suns,Home,23,27,25,17,,92
"Tuesday, November 25, 2025",Jazz,Away,35,20,29,33,,117
"Tuesday, November 25, 2025",Warriors,Home,26,41,39,28,,134
"Tuesday, November 25, 2025",Timberwolves,Away,27,27,28,19,11,112
"Tuesday, November 25, 2025",Kings,Home,23,23,31,24,16,117
"Monday, November 24, 2025",Heat,Away,37,34,28,28,,127
"Monday, November 24, 2025",76ers,Home,27,40,26,24,,117
"Monday, November 24, 2025",Hornets,Away,25,30,33,22,,110
"Monday, November 24, 2025",Hawks,Home,28,25,39,21,,113
"Monday, November 24, 2025",Magic,Away,27,30,32,40,,129
"Monday, November 24, 2025",Celtics,Home,32,48,30,28,,138
"Monday, November 24, 2025",Clippers,Away,24,28,27,26,,105
"Monday, November 24, 2025",Cavaliers,Home,27,32,33,28,,120
"Monday, November 24, 2025",Nets,Away,28,30,24,27,,109
"Monday, November 24, 2025",Raptors,Home,34,31,22,32,,119
"Monday, November 24, 2025",Trail Blazers,Away,18,28,22,27,,95
"Monday, November 24, 2025",Thunder,Home,39,28,29,26,,122
"Monday, November 24, 2025",Spurs,Away,30,26,24,22,,102
"Monday, November 24, 2025",Suns,Home,25,24,37,25,,111
"Monday, November 24, 2025",Lakers,Away,32,30,22,24,,108
"Monday, November 24, 2025",Jazz,Home,30,25,26,25,,106
"Sunday, November 23, 2025",Clippers,Away,38,24,34,35,,131
"Sunday, November 23, 2025",Hornets,Home,30,27,25,34,,116
"Sunday, November 23, 2025",Knicks,Away,29,37,27,28,,121
"Sunday, November 23, 2025",Magic,Home,31,33,34,35,,133
"Sunday, November 23, 2025",Hawks,Away,21,35,32,27,,115
"Sunday, November 23, 2025",Pelicans,Home,25,21,24,28,,98
"Sunday, November 23, 2025",Wizards,Away,41,29,28,22,,120
"Sunday, November 23, 2025",Bulls,Home,40,24,28,29,,121
"Sunday, November 23, 2025",Pistons,Away,30,39,35,25,,129
"Sunday, November 23, 2025",Bucks,Home,26,26,33,31,,116
"Sunday, November 23, 2025",Grizzlies,Away,21,22,33,26,,102
"Sunday, November 23, 2025",Mavericks,Home,22,25,26,23,,96
"Sunday, November 23, 2025",Kings,Away,30,31,30,37,,128
"Sunday, November 23, 2025",Nuggets,Home,35,30,27,31,,123
"Saturday, November 22, 2025",Pacers,Away,31,24,26,28,,109
"Saturday, November 22, 2025",Cavaliers,Home,33,29,38,20,,120
"Saturday, November 22, 2025",Nets,Away,22,40,30,21,,113
"Saturday, November 22, 2025",Celtics,Home,28,25,24,28,,105
"Saturday, November 22, 2025",Wizards,Away,20,27,30,33,,110
"Saturday, November 22, 2025",Raptors,Home,31,26,48,35,,140
"Saturday, November 22, 2025",Heat,Away,36,34,32,41,,143
"Saturday, November 22, 2025",Bulls,Home,32,20,23,32,,107
"Saturday, November 22, 2025",Pelicans,Away,34,29,22,30,,115
"Saturday, November 22, 2025",Mavericks,Home,25,24,36,33,,118
"Saturday, November 22, 2025",Timberwolves,Away,24,25,33,31,,113
"Saturday, November 22, 2025",Suns,Home,32,30,19,33,,114
"Saturday, November 22, 2025",Nuggets,Away,25,21,34,32,,112
"Saturday, November 22, 2025",Rockets,Home,12,37,29,31,,109
"Saturday, November 22, 2025",Thunder,Away,30,37,43,34,,144
"Saturday, November 22, 2025",Jazz,Home,44,24,20,24,,112
"Saturday, November 22, 2025",Trail Blazers,Away,35,30,29,33,,127
"Saturday, November 22, 2025",Warriors,Home,28,44,25,26,,123
"Friday, November 21, 2025",Clippers,Away,24,25,27,25,,101
"Friday, November 21, 2025",Magic,Home,30,31,32,36,,129
"Friday, November 21, 2025",Kings,Away,22,25,29,20,,96
"Friday, November 21, 2025",Grizzlies,Home,35,40,38,24,,137
"Friday, November 21, 2025",76ers,Away,33,22,22,29,17,123
"Friday, November 21, 2025",Bucks,Home,20,37,24,25,8,114
"Friday, November 21, 2025",Hawks,Away,34,26,32,34,,126
"Friday, November 21, 2025",Spurs,Home,28,46,21,40,,135
"Thursday, November 20, 2025",Rockets,Away,33,24,17,40,,114
"Thursday, November 20, 2025",Cavaliers,Home,19,21,30,34,,104
"Thursday, November 20, 2025",Hornets,Away,33,21,30,34,,118
"Thursday, November 20, 2025",Pacers,Home,38,32,34,23,,127
"Thursday, November 20, 2025",Raptors,Away,33,20,44,24,,121
"Thursday, November 20, 2025",76ers,Home,28,28,26,30,,112
"Thursday, November 20, 2025",Warriors,Away,20,25,29,22,,96
"Thursday, November 20, 2025",Heat,Home,29,20,23,38,,110
"Thursday, November 20, 2025",Wizards,Away,29,17,36,27,,109
"Thursday, November 20, 2025",Timberwolves,Home,34,37,23,26,,120
"Thursday, November 20, 2025",Nuggets,Away,26,36,35,28,,125
"Thursday, November 20, 2025",Pelicans,Home,30,28,25,35,,118
"Thursday, November 20, 2025",Kings,Away,25,25,19,30,,99
"Thursday, November 20, 2025",Thunder,Home,27,31,25,30,,113
"Thursday, November 20, 2025",Knicks,Away,24,28,35,26,,113
"Thursday, November 20, 2025",Mavericks,Home,25,25,35,26,,111
"Thursday, November 20, 2025",Bulls,Away,28,34,36,24,,122
"Thursday, November 20, 2025",Trail Blazers,Home,29,29,24,39,,121
"Wednesday, November 19, 2025",Warriors,Away,32,28,25,28,,113
"Wednesday, November 19, 2025",Magic,Home,36,31,26,28,,121
"Wednesday, November 19, 2025",Celtics,Away,29,33,27,24,,113
"Wednesday, November 19, 2025",Nets,Home,29,32,24,14,,99
"Wednesday, November 19, 2025",Pistons,Away,35,32,27,26,,120
"Wednesday, November 19, 2025",Hawks,Home,30,24,28,30,,112
"Wednesday, November 19, 2025",Grizzlies,Away,24,23,40,14,,101
"Wednesday, November 19, 2025",Spurs,Home,23,26,37,25,,111
"Wednesday, November 19, 2025",Jazz,Away,36,35,22,33,,126
"Wednesday, November 19, 2025",Lakers,Home,27,40,37,36,,140
"Wednesday, November 19, 2025",Suns,Away,35,29,36,27,,127
"Wednesday, November 19, 2025",Trail Blazers,Home,32,29,21,28,,110
"Tuesday, November 18, 2025",Bucks,Away,33,24,31,18,,106
"Tuesday, November 18, 2025",Cavaliers,Home,26,33,33,26,,118
"Tuesday, November 18, 2025",Pacers,Away,21,25,29,37,,112
"Tuesday, November 18, 2025",Pistons,Home,26,36,31,34,,127
"Tuesday, November 18, 2025",Clippers,Away,33,23,27,25,,108
"Tuesday, November 18, 2025",76ers,Home,25,21,27,37,,110
"Tuesday, November 18, 2025",Knicks,Away,20,31,31,31,,113
"Tuesday, November 18, 2025",Heat,Home,25,30,28,32,,115
"Tuesday, November 18, 2025",Hornets,Away,24,28,31,25,,108
"Tuesday, November 18, 2025",Raptors,Home,28,29,28,25,,110
"Tuesday, November 18, 2025",Mavericks,Away,21,23,22,30,,96
"Tuesday, November 18, 2025",Timberwolves,Home,34,27,37,22,,120
"Tuesday, November 18, 2025",Thunder,Away,49,20,36,21,,126
"Tuesday, November 18, 2025",Pelicans,Home,24,32,24,29,,109
"Tuesday, November 18, 2025",Bulls,Away,30,33,40,27,,130
"Tuesday, November 18, 2025",Nuggets,Home,28,36,29,34,,127
"Monday, November 17, 2025",Clippers,Away,30,19,36,33,,118
"Monday, November 17, 2025",Celtics,Home,37,26,27,31,,121
"Monday, November 17, 2025",Kings,Away,24,35,26,25,,110
"Monday, November 17, 2025",Spurs,Home,36,31,28,28,,123
"Monday, November 17, 2025",Nets,Away,28,35,31,35,,129
"Monday, November 17, 2025",Wizards,Home,28,25,31,22,,106
"Monday, November 17, 2025",Magic,Away,30,25,25,22,11,113
"Monday, November 17, 2025",Rockets,Home,23,23,31,25,15,117
"Monday, November 17, 2025",Warriors,Away,44,17,24,39,,124
"Monday, November 17, 2025",Pelicans,Home,28,21,22,35,,106
"Monday, November 17, 2025",Trail Blazers,Away,37,24,30,27,15,133
"Monday, November 17, 2025",Mavericks,Home,29,28,28,33,20,138
"Monday, November 17, 2025",Hawks,Away,25,32,20,47,,124
"Monday, November 17, 2025",Suns,Home,21,37,37,27,,122
"Monday, November 17, 2025",Bulls,Away,33,37,28,29,20,147
"Monday, November 17, 2025",Jazz,Home,33,28,33,33,23,150
"Sunday, November 16, 2025",Grizzlies,Away,32,29,23,16,,100
"Sunday, November 16, 2025",Cavaliers,Home,28,26,22,32,,108
"Sunday, November 16, 2025",Thunder,Away,30,25,32,22,,109
"Sunday, November 16, 2025",Hornets,Home,30,22,18,26,,96
"Sunday, November 16, 2025",Raptors,Away,32,30,39,28,,129
"Sunday, November 16, 2025",Pacers,Home,29,24,32,26,,111
"Sunday, November 16, 2025",Lakers,Away,30,35,27,27,,119
"Sunday, November 16, 2025",Bucks,Home,18,16,38,23,,95
"Sunday, November 16, 2025",Nuggets,Away,29,26,32,36,,123
"Sunday, November 16, 2025",Timberwolves,Home,31,29,26,26,,112
"Saturday, November 15, 2025",Heat,Away,35,33,36,28,,132
"Saturday, November 15, 2025",Knicks,Home,32,46,32,30,,140
"Saturday, November 15, 2025",Nets,Away,36,22,24,16,,98
"Saturday, November 15, 2025",Magic,Home,27,27,25,26,,105
"Saturday, November 15, 2025",76ers,Away,27,27,36,15,,105
"Saturday, November 15, 2025",Pistons,Home,28,35,25,26,,114
"Saturday, November 15, 2025",Trail Blazers,Away,32,28,31,25,,116
"Saturday, November 15, 2025",Rockets,Home,41,28,36,35,,140
"Saturday, November 15, 2025",Hornets,Away,33,36,29,31,5,134
"Saturday, November 15, 2025",Bucks,Home,34,27,42,26,18,147
"Saturday, November 15, 2025",Kings,Away,30,31,30,19,,110
"Saturday, November 15, 2025",Timberwolves,Home,35,26,31,32,,124
"Saturday, November 15, 2025",Lakers,Away,35,30,30,23,,118
"Saturday, November 15, 2025",Pelicans,Home,25,27,25,27,,104
"Saturday, November 15, 2025",Clippers,Away,34,28,31,21,19,133
"Saturday, November 15, 2025",Mavericks,Home,31,24,31,28,13,127
"Saturday, November 15, 2025",Warriors,Away,18,29,30,32,,109
"Saturday, November 15, 2025",Spurs,Home,20,25,34,29,,108
"Friday, November 14, 2025",Raptors,Away,29,38,23,36,,126
"Friday, November 14, 2025",Cavaliers,Home,30,24,31,28,,113
"Friday, November 14, 2025",Pacers,Away,23,29,32,14,,98
"Friday, November 14, 2025",Suns,Home,31,39,36,27,,133
"Friday, November 14, 2025",Hawks,Away,42,38,23,29,,132
"Friday, November 14, 2025",Jazz,Home,33,34,36,19,,122
"Thursday, November 13, 2025",Bucks,Away,27,23,22,28,,100
"Thursday, November 13, 2025",Hornets,Home,35,24,24,28,,111
"Thursday, November 13, 2025",Bulls,Away,23,29,27,34,,113
"Thursday, November 13, 2025",Pistons,Home,35,33,27,29,,124
"Thursday, November 13, 2025",Magic,Away,30,32,29,33,,124
"Thursday, November 13, 2025",Knicks,Home,23,19,31,34,,107
"Thursday, November 13, 2025",Grizzlies,Away,26,20,28,21,,95
"Thursday, November 13, 2025",Celtics,Home,34,33,33,31,,131
"Thursday, November 13, 2025",Cavaliers,Away,29,37,27,37,,130
"Thursday, November 13, 2025",Heat,Home,38,31,28,19,,116
"Thursday, November 13, 2025",Wizards,Away,29,25,33,25,,112
"Thursday, November 13, 2025",Rockets,Home,40,41,22,32,,135
"Thursday, November 13, 2025",Trail Blazers,Away,30,27,38,30,,125
"Thursday, November 13, 2025",Pelicans,Home,25,34,26,32,,117
"Thursday, November 13, 2025",Warriors,Away,14,35,43,33,,125
"Thursday, November 13, 2025",Spurs,Home,28,28,28,36,,120
"Thursday, November 13, 2025",Suns,Away,30,33,32,28,,123
"Thursday, November 13, 2025",Mavericks,Home,28,25,28,33,,114
"Thursday, November 13, 2025",Lakers,Away,18,20,26,28,,92
"Thursday, November 13, 2025",Thunder,Home,30,40,30,21,,121
"Thursday, November 13, 2025",Hawks,Away,37,29,39,28,,133
"Thursday, November 13, 2025",Kings,Home,34,12,22,32,,100
"Thursday, November 13, 2025",Nuggets,Away,39,24,43,24,,130
"Thursday, November 13, 2025",Clippers,Home,35,33,22,26,,116
"Wednesday, November 12, 2025",Raptors,Away,28,32,29,30,,119
"Wednesday, November 12, 2025",Nets,Home,30,22,29,28,,109
"Wednesday, November 12, 2025",Grizzlies,Away,30,24,39,27,,120
"Wednesday, November 12, 2025",Knicks,Home,42,35,37,19,,133
"Wednesday, November 12, 2025",Celtics,Away,22,19,36,23,,100
"Wednesday, November 12, 2025",76ers,Home,23,28,20,31,,102
"Wednesday, November 12, 2025",Warriors,Away,25,19,28,30,,102
"Wednesday, November 12, 2025",Thunder,Home,34,29,44,19,,126
"Wednesday, November 12, 2025",Pacers,Away,34,23,34,37,,128
"Wednesday, November 12, 2025",Jazz,Home,38,32,44,38,,152
"Wednesday, November 12, 2025",Nuggets,Away,33,27,25,37,,122
"Wednesday, November 12, 2025",Kings,Home,34,22,26,26,,108
"Tuesday, November 11, 2025",Lakers,Away,36,29,31,25,,121
"Tuesday, November 11, 2025",Hornets,Home,40,23,15,33,,111
"Tuesday, November 11, 2025",Wizards,Away,37,24,35,31,8,135
"Tuesday, November 11, 2025",Pistons,Home,36,31,20,40,10,137
"Tuesday, November 11, 2025",Trail Blazers,Away,24,32,20,36,,112
"Tuesday, November 11, 2025",Magic,Home,26,33,28,28,,115
"Tuesday, November 11, 2025",Cavaliers,Away,30,23,39,36,10,138
"Tuesday, November 11, 2025",Heat,Home,25,37,39,27,12,140
"Tuesday, November 11, 2025",Spurs,Away,34,29,26,32,,121
"Tuesday, November 11, 2025",Bulls,Home,26,38,34,19,,117
"Tuesday, November 11, 2025",Bucks,Away,27,26,26,37,,116
"Tuesday, November 11, 2025",Mavericks,Home,31,26,31,26,,114
"Tuesday, November 11, 2025",Pelicans,Away,22,19,31,26,,98
"Tuesday, November 11, 2025",Suns,Home,29,35,32,25,,121
"Tuesday, November 11, 2025",Timberwolves,Away,26,27,40,27,,120
"Tuesday, November 11, 2025",Jazz,Home,30,25,25,33,,113
"Tuesday, November 11, 2025",Hawks,Away,19,33,27,26,,105
"Tuesday, November 11, 2025",Clippers,Home,29,23,24,26,,102
"Monday, November 10, 2025",Rockets,Away,28,22,32,40,,122
"Monday, November 10, 2025",Bucks,Home,30,31,24,30,,115
"Monday, November 10, 2025",Nets,Away,22,40,17,19,,98
"Monday, November 10, 2025",Knicks,Home,40,37,35,22,,134
"Monday, November 10, 2025",Celtics,Away,30,24,24,33,,111
"Monday, November 10, 2025",Magic,Home,33,21,26,27,,107
"Monday, November 10, 2025",Thunder,Away,25,26,34,29,,114
"Monday, November 10, 2025",Grizzlies,Home,33,29,18,20,,100
"Monday, November 10, 2025",Pistons,Away,37,17,34,23,,111
"Monday, November 10, 2025",76ers,Home,32,32,21,23,,108
"Monday, November 10, 2025",Pacers,Away,21,20,24,18,,83
"Monday, November 10, 2025",Warriors,Home,23,25,27,39,,114
"Monday, November 10, 2025",Timberwolves,Away,31,40,40,33,,144
"Monday, November 10, 2025",Kings,Home,25,29,30,33,,117
"Sunday, November 9, 2025",Mavericks,Away,35,22,25,29,,111
"Sunday, November 9, 2025",Wizards,Home,24,29,33,19,,105
"Sunday, November 9, 2025",Raptors,Away,43,20,34,23,,120
"Sunday, November 9, 2025",76ers,Home,33,35,33,29,,130
"Sunday, November 9, 2025",Lakers,Away,29,25,18,30,,102
"Sunday, November 9, 2025",Hawks,Home,37,31,30,24,,122
"Sunday, November 9, 2025",Bulls,Away,29,43,26,24,,122
"Sunday, November 9, 2025",Cavaliers,Home,32,24,40,32,,128
"Sunday, November 9, 2025",Trail Blazers,Away,30,35,32,34,,131
"Sunday, November 9, 2025",Heat,Home,27,45,28,36,,136
"Sunday, November 9, 2025",Pelicans,Away,22,36,27,34,,119
"Sunday, November 9, 2025",Spurs,Home,28,38,26,34,,126
"Sunday, November 9, 2025",Pacers,Away,18,29,35,18,,100
"Sunday, November 9, 2025",Nuggets,Home,31,25,39,22,,117
"Sunday, November 9, 2025",Suns,Away,35,25,25,29,,114
"Sunday, November 9, 2025",Clippers,Home,29,17,34,23,,103
"Saturday, November 8, 2025",Celtics,Away,25,26,29,30,,110
"Saturday, November 8, 2025",Magic,Home,38,21,25,39,,123
"Saturday, November 8, 2025",Cavaliers,Away,39,37,33,39,,148
"Saturday, November 8, 2025",Wizards,Home,26,34,27,28,,115
"Saturday, November 8, 2025",Raptors,Away,26,18,29,36,,109
"Saturday, November 8, 2025",Hawks,Home,26,27,24,20,,97
"Saturday, November 8, 2025",Pistons,Away,27,33,34,31,,125
"Saturday, November 8, 2025",Nets,Home,29,26,19,33,,107
"Saturday, November 8, 2025",Rockets,Away,25,25,32,28,,110
"Saturday, November 8, 2025",Spurs,Home,23,28,35,35,,121
"Saturday, November 8, 2025",Hornets,Away,33,36,19,20,,108
"Saturday, November 8, 2025",Heat,Home,53,19,22,32,,126
"Saturday, November 8, 2025",Mavericks,Away,24,27,29,24,,104
"Saturday, November 8, 2025",Grizzlies,Home,34,40,28,16,,118
"Saturday, November 8, 2025",Bulls,Away,25,27,28,30,,110
"Saturday, November 8, 2025",Bucks,Home,23,30,32,41,,126
"Saturday, November 8, 2025",Jazz,Away,15,30,22,30,,97
"Saturday, November 8, 2025",Timberwolves,Home,43,36,25,33,,137
"Saturday, November 8, 2025",Warriors,Away,21,28,28,27,,104
"Saturday, November 8, 2025",Nuggets,Home,32,34,33,30,,129
"Saturday, November 8, 2025",Thunder,Away,30,40,28,34,,132
"Saturday, November 8, 2025",Kings,Home,32,24,27,18,,101
"Friday, November 7, 2025",Clippers,Away,27,24,23,28,,102
"Friday, November 7, 2025",Suns,Home,31,17,40,27,,115
"Thursday, November 6, 2025",76ers,Away,27,40,20,34,,121
"Thursday, November 6, 2025",Cavaliers,Home,41,29,37,25,,132
"Thursday, November 6, 2025",Jazz,Away,30,25,14,34,,103
"Thursday, November 6, 2025",Pistons,Home,28,25,25,36,,114
"Thursday, November 6, 2025",Nets,Away,25,29,26,32,,112
"Thursday, November 6, 2025",Pacers,Home,18,41,24,20,,103
"Thursday, November 6, 2025",Wizards,Away,37,23,20,27,,107
"Thursday, November 6, 2025",Celtics,Home,26,44,32,34,,136
"Thursday, November 6, 2025",Timberwolves,Away,26,32,28,28,,114
"Thursday, November 6, 2025",Knicks,Home,28,26,40,43,,137
"Thursday, November 6, 2025",Rockets,Away,34,26,34,30,,124
"Thursday, November 6, 2025",Grizzlies,Home,22,29,29,29,,109
"Thursday, November 6, 2025",Pelicans,Away,29,23,26,23,,101
"Thursday, November 6, 2025",Mavericks,Home,19,30,28,22,,99
"Thursday, November 6, 2025",Heat,Away,33,27,26,26,,112
"Thursday, November 6, 2025",Nuggets,Home,36,32,33,21,,122
"Thursday, November 6, 2025",Spurs,Away,29,30,37,20,,116
"Thursday, November 6, 2025",Lakers,Home,26,34,28,30,,118
"Thursday, November 6, 2025",Thunder,Away,41,24,21,33,,119
"Thursday, November 6, 2025",Trail Blazers,Home,21,36,24,40,,121
"Thursday, November 6, 2025",Warriors,Away,32,30,23,31,,116
"Thursday, November 6, 2025",Kings,Home,25,32,35,29,,121
"Wednesday, November 5, 2025",Bucks,Away,29,25,26,20,,100
"Wednesday, November 5, 2025",Raptors,Home,39,34,32,23,,128
"Wednesday, November 5, 2025",Magic,Away,23,24,30,35,,112
"Wednesday, November 5, 2025",Hawks,Home,32,32,34,29,,127
"Wednesday, November 5, 2025",76ers,Away,45,30,20,16,,111
"Wednesday, November 5, 2025",Bulls,Home,27,29,28,29,,113
"Wednesday, November 5, 2025",Hornets,Away,30,29,34,19,,112
"Wednesday, November 5, 2025",Pelicans,Home,33,28,26,29,,116
"Wednesday, November 5, 2025",Suns,Away,19,30,34,24,,107
"Wednesday, November 5, 2025",Warriors,Home,33,35,24,26,,118
"Wednesday, November 5, 2025",Thunder,Away,23,33,38,32,,126
"Wednesday, November 5, 2025",Clippers,Home,33,24,29,21,,107
"Tuesday, November 4, 2025",Timberwolves,Away,28,35,28,34,,125
"Tuesday, November 4, 2025",Nets,Home,28,31,29,21,,109
"Tuesday, November 4, 2025",Bucks,Away,31,25,28,33,,117
"Tuesday, November 4, 2025",Pacers,Home,22,31,24,38,,115
"Tuesday, November 4, 2025",Jazz,Away,21,15,38,31,,105
"Tuesday, November 4, 2025",Celtics,Home,25,21,26,31,,103
"Tuesday, November 4, 2025",Wizards,Away,30,24,24,24,,102
"Tuesday, November 4, 2025",Knicks,Home,22,35,41,21,,119
"Tuesday, November 4, 2025",Mavericks,Away,28,27,23,24,,102
"Tuesday, November 4, 2025",Rockets,Home,24,34,23,29,,110
"Tuesday, November 4, 2025",Pistons,Away,32,26,25,31,,114
"Tuesday, November 4, 2025",Grizzlies,Home,25,23,26,32,,106
"Tuesday, November 4, 2025",Kings,Away,30,33,30,31,,124
"Tuesday, November 4, 2025",Nuggets,Home,39,33,32,26,,130
"Tuesday, November 4, 2025",Lakers,Away,24,28,38,33,,123
"Tuesday, November 4, 2025",Trail Blazers,Home,33,20,33,29,,115
"Tuesday, November 4, 2025",Heat,Away,32,34,37,17,,120
"Tuesday, November 4, 2025",Clippers,Home,30,41,24,24,,119
"Monday, November 3, 2025",Pelicans,Away,22,30,30,24,,106
"Monday, November 3, 2025",Thunder,Home,39,36,33,29,,137
"Monday, November 3, 2025",76ers,Away,40,33,17,39,,129
"Monday, November 3, 2025",Nets,Home,37,18,23,27,,105
"Monday, November 3, 2025",Jazz,Away,25,23,38,17,,103
"Monday, November 3, 2025",Hornets,Home,39,32,33,22,,126
"Monday, November 3, 2025",Hawks,Away,22,30,24,33,,109
"Monday, November 3, 2025",Cavaliers,Home,31,19,28,39,,117
"Monday, November 3, 2025",Grizzlies,Away,23,24,24,33,,104
"Monday, November 3, 2025",Raptors,Home,26,27,31,33,,117
"Monday, November 3, 2025",Bulls,Away,24,36,29,27,,116
"Monday, November 3, 2025",Knicks,Home,34,34,37,23,,128
"Monday, November 3, 2025",Spurs,Away,24,28,26,40,,118
"Monday, November 3, 2025",Suns,Home,31,39,32,28,,130
"Monday, November 3, 2025",Heat,Away,36,27,35,22,,120
"Monday, November 3, 2025",Lakers,Home,43,34,25,28,,130
"Sunday, November 2, 2025",Kings,Away,36,34,38,27,,135
"Sunday, November 2, 2025",Bucks,Home,47,24,31,31,,133
"Sunday, November 2, 2025",Timberwolves,Away,25,25,36,36,,122
"Sunday, November 2, 2025",Hornets,Home,31,25,18,31,,105
"Sunday, November 2, 2025",Warriors,Away,32,26,30,21,,109
"Sunday, November 2, 2025",Pacers,Home,28,25,29,32,,114
"Sunday, November 2, 2025",Magic,Away,32,43,28,22,,125
"Sunday, November 2, 2025",Wizards,Home,35,21,19,19,,94
"Sunday, November 2, 2025",Rockets,Away,37,29,31,31,,128
"Sunday, November 2, 2025",Celtics,Home,24,24,24,29,,101
"Sunday, November 2, 2025",Mavericks,Away,30,31,32,17,,110
"Sunday, November 2, 2025",Pistons,Home,27,32,28,35,,122
"Saturday, November 1, 2025",Hawks,Away,32,31,34,31,,128
"Saturday, November 1, 2025",Pacers,Home,29,30,17,32,,108
"Saturday, November 1, 2025",Celtics,Away,38,30,21,20,,109
"Saturday, November 1, 2025",76ers,Home,25,32,25,26,,108
"Saturday, November 1, 2025",Raptors,Away,30,18,33,31,,112
"Saturday, November 1, 2025",Cavaliers,Home,22,21,34,24,,101
"Saturday, November 1, 2025",Knicks,Away,27,26,38,34,,125
"Saturday, November 1, 2025",Bulls,Home,35,37,28,35,,135
"Saturday, November 1, 2025",Lakers,Away,31,24,34,28,,117
"Saturday, November 1, 2025",Grizzlies,Home,27,42,22,21,,112
"Saturday, November 1, 2025",Jazz,Away,17,23,27,29,,96
"Saturday, November 1, 2025",Suns,Home,37,17,29,35,,118
"Saturday, November 1, 2025",Nuggets,Away,26,31,24,26,,107
"Saturday, November 1, 2025",Trail Blazers,Home,18,35,18,38,,109
"Saturday, November 1, 2025",Pelicans,Away,28,31,25,40,,124
"Saturday, November 1, 2025",Clippers,Home,26,41,27,32,,126
"Friday, October 31, 2025",Magic,Away,38,33,21,31,,123
"Friday, October 31, 2025",Hornets,Home,31,27,27,22,,107
"Friday, October 31, 2025",Warriors,Away,25,33,26,26,,110
"Friday, October 31, 2025",Bucks,Home,34,26,27,33,,120
"Friday, October 31, 2025",Wizards,Away,20,29,35,24,,108
"Friday, October 31, 2025",Thunder,Home,28,31,33,35,,127
"Friday, October 31, 2025",Heat,Away,31,27,14,29,,101
"Friday, October 31, 2025",Spurs,Home,33,26,28,20,,107
"Thursday, October 30, 2025",Rockets,Away,39,31,36,33,,139
"Thursday, October 30, 2025",Raptors,Home,30,33,28,30,,121
"Thursday, October 30, 2025",Cavaliers,Away,42,18,25,20,,105
"Thursday, October 30, 2025",Celtics,Home,40,35,23,27,,125
"Thursday, October 30, 2025",Magic,Away,36,28,28,24,,116
"Thursday, October 30, 2025",Pistons,Home,29,36,36,34,,135
"Thursday, October 30, 2025",Hawks,Away,34,30,30,23,,117
"Thursday, October 30, 2025",Nets,Home,27,24,32,29,,112
"Thursday, October 30, 2025",Kings,Away,33,31,27,22,,113
"Thursday, October 30, 2025",Bulls,Home,36,26,39,25,,126
"Thursday, October 30, 2025",Pacers,Away,30,25,19,31,,105
"Thursday, October 30, 2025",Mavericks,Home,25,27,29,26,,107
"Thursday, October 30, 2025",Pelicans,Away,25,22,11,30,,88
"Thursday, October 30, 2025",Nuggets,Home,34,19,39,30,,122
"Thursday, October 30, 2025",Trail Blazers,Away,33,46,38,19,,136
"Thursday, October 30, 2025",Jazz,Home,43,30,25,36,,134
"Thursday, October 30, 2025",Lakers,Away,32,30,35,19,,116
"Thursday, October 30, 2025",Timberwolves,Home,34,24,28,29,,115
"Thursday, October 30, 2025",Grizzlies,Away,27,22,32,33,,114
"Thursday, October 30, 2025",Suns,Home,26,27,25,35,,113
"Wednesday, October 29, 2025",76ers,Away,32,36,26,32,13,139
"Wednesday, October 29, 2025",Wizards,Home,40,32,38,16,8,134
"Wednesday, October 29, 2025",Hornets,Away,34,26,28,29,,117
"Wednesday, October 29, 2025",Heat,Home,37,39,29,39,,144
"Wednesday, October 29, 2025",Knicks,Away,26,45,20,20,,111
"Wednesday, October 29, 2025",Bucks,Home,27,32,35,27,,121
"Wednesday, October 29, 2025",Kings,Away,29,33,21,18,,101
"Wednesday, October 29, 2025",Thunder,Home,24,34,22,27,,107
"Wednesday, October 29, 2025",Clippers,Away,25,24,14,16,,79
"Wednesday, October 29, 2025",Warriors,Home,33,13,32,20,,98
"Tuesday, October 28, 2025",Cavaliers,Away,33,30,27,26,,116
"Tuesday, October 28, 2025",Pistons,Home,24,17,25,29,,95
"Tuesday, October 28, 2025",Magic,Away,28,32,34,30,,124
"Tuesday, October 28, 2025",76ers,Home,33,39,29,35,,136
"Tuesday, October 28, 2025",Hawks,Away,35,23,34,31,,123
"Tuesday, October 28, 2025",Bulls,Home,27,30,41,30,,128
"Tuesday, October 28, 2025",Nets,Away,25,35,17,32,,109
"Tuesday, October 28, 2025",Rockets,Home,42,29,32,34,,137
"Tuesday, October 28, 2025",Celtics,Away,34,31,22,35,,122
"Tuesday, October 28, 2025",Pelicans,Home,26,28,24,12,,90
"Tuesday, October 28, 2025",Raptors,Away,29,21,28,25,,103
"Tuesday, October 28, 2025",Spurs,Home,41,28,26,26,,121
"Tuesday, October 28, 2025",Thunder,Away,28,20,39,14,,101
"Tuesday, October 28, 2025",Mavericks,Home,24,18,27,25,,94
"Tuesday, October 28, 2025",Suns,Away,27,34,25,38,10,134
"Tuesday, October 28, 2025",Jazz,Home,39,25,30,30,14,138
"Tuesday, October 28, 2025",Nuggets,Away,34,23,45,25,,127
"Tuesday, October 28, 2025",Timberwolves,Home,30,35,29,20,,114
"Tuesday, October 28, 2025",Grizzlies,Away,37,24,24,33,,118
"Tuesday, October 28, 2025",Warriors,Home,36,29,36,30,,131
"Tuesday, October 28, 2025",Trail Blazers,Away,28,29,32,33,,122
"Tuesday, October 28, 2025",Lakers,Home,24,27,26,31,,108
"Monday, October 27, 2025",Nets,Away,24,24,33,26,,107
"Monday, October 27, 2025",Spurs,Home,31,38,19,30,,118
"Monday, October 27, 2025",Celtics,Away,33,25,23,32,,113
"Monday, October 27, 2025",Pistons,Home,24,36,34,25,,119
"Monday, October 27, 2025",Bucks,Away,31,25,28,29,,113
"Monday, October 27, 2025",Cavaliers,Home,29,36,21,32,,118
"Monday, October 27, 2025",Knicks,Away,27,27,27,26,,107
"Monday, October 27, 2025",Heat,Home,24,33,31,27,,115
"Monday, October 27, 2025",Hornets,Away,31,20,44,44,,139
"Monday, October 27, 2025",Wizards,Home,30,32,26,25,,113
"Monday, October 27, 2025",Pacers,Away,28,32,17,33,,110
"Monday, October 27, 2025",Timberwolves,Home,28,30,28,28,,114
"Monday, October 27, 2025",Raptors,Away,32,34,25,38,,129
"Monday, October 27, 2025",Mavericks,Home,32,32,39,36,,139
"Monday, October 27, 2025",Trail Blazers,Away,23,37,22,25,,107
"Monday, October 27, 2025",Clippers,Home,34,21,32,27,,114
"Monday, October 27, 2025",Lakers,Away,36,26,33,32,,127
"Monday, October 27, 2025",Kings,Home,27,35,28,30,,120
"Sunday, October 26, 2025",Bulls,Away,29,23,31,27,,110
"Sunday, October 26, 2025",Magic,Home,30,19,31,18,,98
"Sunday, October 26, 2025",Thunder,Away,31,29,39,18,,117
"Sunday, October 26, 2025",Hawks,Home,26,29,25,20,,100
"Sunday, October 26, 2025",Hornets,Away,29,29,38,25,,121
"Sunday, October 26, 2025",76ers,Home,36,25,25,39,,125
"Sunday, October 26, 2025",Pacers,Away,21,31,32,19,,103
"Sunday, October 26, 2025",Grizzlies,Home,23,37,43,25,,128
"Sunday, October 26, 2025",Suns,Away,28,26,29,28,,111
"Sunday, October 26, 2025",Nuggets,Home,34,37,29,33,,133
"Saturday, October 25, 2025",Bucks,Away,27,25,34,36,,122
"Saturday, October 25, 2025",Raptors,Home,19,35,32,30,,116
"Saturday, October 25, 2025",Hawks,Away,25,26,27,33,,111
"Saturday, October 25, 2025",Magic,Home,24,37,25,21,,107
"Saturday, October 25, 2025",Cavaliers,Away,34,29,45,23,,131
"Saturday, October 25, 2025",Nets,Home,23,28,35,38,,124
"Saturday, October 25, 2025",Celtics,Away,30,14,21,30,,95
"Saturday, October 25, 2025",Knicks,Home,22,42,18,23,,105
"Saturday, October 25, 2025",Pistons,Away,32,31,24,28,,115
"Saturday, October 25, 2025",Rockets,Home,33,23,30,25,,111
"Saturday, October 25, 2025",Heat,Away,44,42,28,32,,146
"Saturday, October 25, 2025",Grizzlies,Home,25,22,29,38,,114
"Saturday, October 25, 2025",Spurs,Away,30,27,25,25,13,120
"Saturday, October 25, 2025",Pelicans,Home,27,31,22,27,9,116
"Saturday, October 25, 2025",Wizards,Away,28,30,33,26,,117
"Saturday, October 25, 2025",Mavericks,Home,35,17,26,29,,107
"Saturday, October 25, 2025",Timberwolves,Away,40,23,31,16,,110
"Saturday, October 25, 2025",Lakers,Home,36,32,40,20,,128
"Saturday, October 25, 2025",Warriors,Away,28,28,35,28,,119
"Saturday, October 25, 2025",Trail Blazers,Home,28,41,34,36,,139
"Saturday, October 25, 2025",Jazz,Away,24,22,30,28,,104
"Saturday, October 25, 2025",Kings,Home,31,18,29,27,,105
"Saturday, October 25, 2025",Suns,Away,33,23,21,25,,102
"Saturday, October 25, 2025",Clippers,Home,34,38,34,23,,129
"Friday, October 24, 2025",Thunder,Away,22,32,27,32,28,141
"Friday, October 24, 2025",Pacers,Home,25,22,31,35,22,135
"Friday, October 24, 2025",Nuggets,Away,31,39,24,26,11,131
"Friday, October 24, 2025",Warriors,Home,27,34,33,26,17,137
"Thursday, October 23, 2025",Cavaliers,Away,23,27,37,24,,111
"Thursday, October 23, 2025",Knicks,Home,33,32,22,32,,119
"Thursday, October 23, 2025",Nets,Away,32,28,37,20,,117
"Thursday, October 23, 2025",Hornets,Home,38,39,34,25,,136
"Thursday, October 23, 2025",Heat,Away,39,26,26,30,,121
"Thursday, October 23, 2025",Magic,Home,38,31,21,35,,125
"Thursday, October 23, 2025",Raptors,Away,36,29,45,28,,138
"Thursday, October 23, 2025",Hawks,Home,34,25,28,31,,118
"Thursday, October 23, 2025",76ers,Away,26,31,18,42,,117
"Thursday, October 23, 2025",Celtics,Home,28,23,35,30,,116
"Thursday, October 23, 2025",Pistons,Away,19,30,30,32,,111
"Thursday, October 23, 2025",Bulls,Home,35,29,30,21,,115
"Thursday, October 23, 2025",Pelicans,Away,30,37,22,33,,122
"Thursday, October 23, 2025",Grizzlies,Home,27,29,41,31,,128
"Thursday, October 23, 2025",Wizards,Away,23,30,37,30,,120
"Thursday, October 23, 2025",Bucks,Home,40,32,29,32,,133
"Thursday, October 23, 2025",Clippers,Away,19,28,33,28,,108
"Thursday, October 23, 2025",Jazz,Home,43,35,30,21,,129
"Thursday, October 23, 2025",Spurs,Away,28,32,33,32,,125
"Thursday, October 23, 2025",Mavericks,Home,29,22,21,20,,92
"Thursday, October 23, 2025",Kings,Away,29,42,21,24,,116
"Thursday, October 23, 2025",Suns,Home,19,35,36,30,,120
"Thursday, October 23, 2025",Timberwolves,Away,33,24,31,30,,118
"Thursday, October 23, 2025",Trail Blazers,Home,35,26,34,19,,114
"Wednesday, October 22, 2025",Rockets,Away,30,27,22,25,20,124
"Wednesday, October 22, 2025",Thunder,Home,27,24,24,29,21,125
"Wednesday, October 22, 2025",Warriors,Away,28,27,35,29,,119
"Wednesday, October 22, 2025",Lakers,Home,22,32,25,30,,109
